{
  "homebrew_version": "3.4.11-121-g1c1a720",
  "used_options": [

  ],
  "unused_options": [

  ],
  "built_as_bottle": true,
  "poured_from_bottle": true,
  "installed_as_dependency": false,
  "installed_on_request": true,
  "changed_files": [

  ],
  "time": 1661556973,
  "source_modified_time": 1653489574,
  "compiler": "clang",
  "aliases": [

  ],
  "runtime_dependencies": [

  ],
  "source": {
    "spec": "stable",
    "versions": {
      "stable": "3.2.0",
      "head": null,
      "version_scheme": 0
    },
    "path": "/usr/local/Homebrew/Library/Taps/homebrew/homebrew-core/Formula/git-lfs.rb",
    "tap_git_head": "099e556fda5cf8229a6192892cb5595116d22874",
    "tap": "homebrew/core"
  },
  "arch": "x86_64",
  "built_on": {
    "os": "Macintosh",
    "os_version": "macOS 11.6",
    "cpu_family": "penryn",
    "xcode": "13.2.1",
    "clt": "13.2.0.0.1.1638488800",
    "preferred_perl": "5.30"
  }
}